OBJECTID,HUC_10,HUC_8,HUC_6,HUC_4,HUC_2,WSC_CODE,NAME,BASIN,,Natural Region,Cluster,Data_Source,Area_km2,RoadsDensity_m_km2,RailsDensity_m_km2,Trans_Density_m_km2,ServCorridor_Density_m_km2,Indust_density_m2_km2,Resid_density_m2_km2,Imperv_density_m2_km2,Agri_density_m2_km2, Fertil_Density_ha_km2 ,Cattle_Density_n_km2,Energy_Mining_density_m2_km2,Wells_density_m2_km2,Waste__density_m2_km2,SW_use_m3_km2,GW_use_m3_km2,Canal_density_m2_km2,Res_density_m2_km2,Dam_density_n_km2,StreamRoadCrossing_density_n_km2,Pop_Density_n_km2,Harvest_density_m2_km2,Wildfire_density_m2_km2,Riparian_density_km2_km2,RoadsRipDensity_m_km2,ResidRip_density_m2_km2,AgriRip_density_m2_km2,Shape_Length,Shape_Area
1,1101010101,11010101,110101,1101,11,05DA,NORTH SASKATCHEWAN - BANFF NATIONAL PARK,NORTH SASKATCHEWAN,,Mixed Alpine,1,GOA,826,59,0,59,47,0,0,997,0,0,0,23,0,0,0,0,0,0,0,0,2,0,0,0.065,238,0,0,151322,825948801
2,1101010104,11010101,110101,1101,11,05DA,MISTAYA RIVER,NORTH SASKATCHEWAN,,Mixed Alpine,1,GOA,313,118,0,118,121,0,0,2034,0,0,0,0,0,0,0,12,0,0,0,0.1,2,0,6723,0.082,519,0,0,104489,313363685
3,1101010203,11010102,110101,1101,11,05DA,LOWER SIFFLEUR RIVER,NORTH SASKATCHEWAN,,Mixed Alpine,2,GOA,102,0,0,0,145,0,0,0,0,0,0,0,0,0,0,0,0,0,0,0,1,0,101689,0.093,0,0,0,51502,102266562
4,1101010202,11010102,110101,1101,11,05DA,SIFFLEUR RIVER BELOW BANFF NATIONAL PARK,NORTH SASKATCHEWAN,,Mixed Alpine,1,GOA,249,0,0,0,38,0,0,0,0,0,0,0,0,0,0,0,0,0,0,0,1,0,132333,0.069,0,0,0,79687,249445497
5,1101010201,11010102,110101,1101,11,05DA,SIFFLEUR RIVER - BANFF NATIONAL PARK,NORTH SASKATCHEWAN,,Mixed Alpine,1,GOA,162,0,0,0,0,0,0,0,0,0,0,0,0,0,0,0,0,0,0,0,2,0,0,0.093,0,0,0,63374,162488322
6,1101010302,11010103,110101,1101,11,05DA,MCDONALD CREEK,NORTH SASKATCHEWAN,,Mixed Alpine,1,GOA,214,0,0,0,0,0,0,0,0,0,0,0,0,0,0,0,0,0,0,0,1,0,0,0.061,0,0,0,77611,213807749
7,1101010304,11010103,110101,1101,11,05DA,CORAL CREEK,NORTH SASKATCHEWAN,,Mixed Alpine,2,GOA,176,0,0,0,23,0,0,1,0,0,0,0,0,0,0,0,0,0,0,0,1,0,35518,0.069,0,0,0,75458,175529614
8,1101010301,11010103,110101,1101,11,05DA,UPPER CLINE RIVER,NORTH SASKATCHEWAN,,Mixed Alpine,1,GOA,171,0,0,0,25,0,0,0,0,0,0,0,0,0,0,0,0,0,0,0,1,0,0,0.069,0,0,0,72644,170618797
9,1101010303,11010103,110101,1101,11,05DA,LOWER CLINE RIVER,NORTH SASKATCHEWAN,,Mixed Alpine,1,GOA,275,26,0,26,96,144,0,384,0,0,0,0,0,0,0,120,0,7639,0,0,1,10365,0,0.051,44,0,0,101282,274992132
10,1101020103,11010201,110102,1101,11,05DC,SHUNDA CREEK,NORTH SASKATCHEWAN,,Foothills,1,GOA,287,831,0,831,1730,3904,2828,19257,0,0,0,1306,1033,109,0,2735,0,89,0,0.4,1,20053647,13929,0.12,669,3012,0,103448,286934851
11,1101020104,11010201,110102,1101,11,05DC,TROUT CREEK,NORTH SASKATCHEWAN,,Foothills,1,GOA,85,465,0,465,1661,0,0,7338,0,0,0,682,0,0,0,0,0,0,0,0.2,1,14161759,0,0.162,372,0,0,61916,84872853
12,1101020105,11010201,110102,1101,11,05DC,ROUGH CREEK,NORTH SASKATCHEWAN,,Foothills,1,GOA,130,705,0,705,2179,419,0,11680,0,0,0,117,0,0,0,0,0,0,0,0.5,1,25921466,0,0.13,555,0,0,68036,130089594
13,1101020108,11010201,110102,1101,11,05DC,BUSTER CREEK,NORTH SASKATCHEWAN,,Foothills,2,GOA,227,1290,0,1290,4059,2289,2598,38854,19760,"765,980",1,1568,12898,4012,0,27476,0,0,0,0.2,1,10395318,15695,0.196,615,2863,15741,93866,227350199
14,1101020107,11010201,110102,1101,11,05DC,NORTH SASKATCHEWAN ABOVE BRAZEAU RIVER,NORTH SASKATCHEWAN,,Foothills,2,GOA,762,1464,14,1478,3847,4917,14926,55066,107089,"5,830,127",8,3961,13867,300,0,1660,142,7,0.003,0.3,1,6872075,396864,0.203,892,5225,100439,227750,761802519
15,1101020106,11010201,110102,1101,11,05DC,NORTH SASKATCHEWAN BELOW RAM RIVER,NORTH SASKATCHEWAN,,Foothills,2,GOA,349,1204,56,1261,3675,2090,12465,40469,138123,"973,434",2,7403,9725,195,0,8774,0,0,0,0.3,1,9198192,93507,0.222,739,4757,106831,123732,348623616
16,1101020101,11010201,110102,1101,11,05DC,BIGHORN RIVER,NORTH SASKATCHEWAN,,Mixed Alpine,3,GOA,349,96,0,96,635,169,2174,3368,0,0,0,81,0,0,0,2,0,0,0,0,1,964559,7655,0.082,244,7755,0,106489,349281203
17,1101020102,11010201,110102,1101,11,05DC,NORTH SASKATCHEWAN ABOVE RAM RIVER,NORTH SASKATCHEWAN,,Foothills,1,GOA,809,461,0,461,1368,2037,1258,8812,2740,0,0,499,86,53,0,65,0,74,0,0.2,1,15057088,2095,0.108,303,1232,11500,292375,809229904
18,1101020202,11010202,110102,1101,11,05DC,RANGER CREEK,NORTH SASKATCHEWAN,,Mixed Alpine,2,GOA,145,0,0,0,166,0,0,0,0,0,0,0,0,0,0,41,0,0,0,0,1,0,13999,0.096,0,0,0,63717,144832235
19,1101020203,11010202,110102,1101,11,05DC,HUMMINGBIRD CREEK,NORTH SASKATCHEWAN,,Mixed Alpine,2,GOA,231,56,0,56,205,16,139,849,0,0,0,0,0,0,0,0,0,0,0,0.1,1,0,1938,0.101,196,179,0,73305,231435543
20,1101020201,11010202,110102,1101,11,05DC,UPPER RAM RIVER,NORTH SASKATCHEWAN,,Mixed Alpine,2,GOA,250,67,0,67,215,173,0,938,0,0,0,0,0,0,0,0,0,0,0,0,1,139730,15877,0.105,312,0,0,116076,249698007
21,1101020205,11010202,110102,1101,11,05DC,NORTH RAM RIVER,NORTH SASKATCHEWAN,,Mixed Alpine,3,GOA,763,195,0,195,873,83,11,2877,0,0,0,359,25,0,0,6,0,0,0,0.2,1,5017610,452,0.122,326,89,0,176398,763016773
22,1101020207,11010202,110102,1101,11,05DC,FALL CREEK,NORTH SASKATCHEWAN,,Foothills,1,GOA,127,451,0,451,819,21,0,6074,0,0,0,657,0,0,0,0,0,0,0,0.4,1,19842397,456,0.095,319,0,0,59309,126540325
23,1101020206,11010202,110102,1101,11,05DC,LOWER RAM RIVER,NORTH SASKATCHEWAN,,Foothills,1,GOA,163,584,0,584,2502,754,0,11814,0,0,0,353,1145,0,0,1,0,0,0,0.3,1,33999932,677,0.135,441,0,0,75601,163333138
24,1101020204,11010202,110102,1101,11,05DC,MIDDLE RAM RIVER,NORTH SASKATCHEWAN,,Foothills,1,GOA,201,296,0,296,1407,181,0,4753,0,0,0,659,0,48,0,6,0,0,0,0.2,1,15819053,0,0.095,317,0,0,88587,201207063
25,1101020301,11010203,110102,1101,11,05DC,UPPER BAPTISTE RIVER,NORTH SASKATCHEWAN,,Foothills,1,GOA,448,363,0,363,2199,491,14,8160,17,0,0,316,849,34,0,742,0,0,0,0.1,1,18119385,71,0.15,190,0,58,123272,448035806
26,1101020302,11010203,110102,1101,11,05DC,CHAMBERS CREEK,NORTH SASKATCHEWAN,,Foothills,3,GOA,157,828,0,828,2944,3849,290,25460,925,0,0,1339,3038,0,0,8,0,0,0,0.2,1,26867974,1335,0.136,499,721,4821,71746,156904861
27,1101020304,11010203,110102,1101,11,05DC,BREWSTER CREEK,NORTH SASKATCHEWAN,,Foothills,1,GOA,168,427,0,427,2438,1307,50,10936,0,0,0,1956,2247,27,0,217,0,0,0,0.1,1,23627449,4265,0.151,184,0,0,89008,168312118
28,1101020303,11010203,110102,1101,11,05DC,LOWER BAPTISTE RIVER,NORTH SASKATCHEWAN,,Foothills,2,GOA,579,1009,0,1009,4473,3356,6155,33850,1878,"147,085",0,1168,10490,149,0,3498,0,0,0,0.1,1,21869278,314148,0.176,448,3047,2370,171507,579322377
29,1101030101,11010301,110103,1101,11,05DB,CLEARWATER RIVER - BANFF NATIONAL PARK,NORTH SASKATCHEWAN,,Mixed Alpine,1,GOA,387,0,0,0,6,0,0,0,0,0,0,0,0,0,0,0,0,0,0,0,2,0,0,0.09,0,0,0,98783,387293570
30,1101030103,11010301,110103,1101,11,05DB,FORBIDDEN CREEK,NORTH SASKATCHEWAN,,Mixed Alpine,2,GOA,131,8,0,8,189,0,0,51,0,0,0,0,0,0,0,0,0,0,0,0,1,0,90813,0.085,0,0,0,68544,131217021
31,1101030104,11010301,110103,1101,11,05DB,TIMBER CREEK,NORTH SASKATCHEWAN,,Mixed Alpine,3,GOA,71,0,0,0,120,0,0,0,0,0,0,0,0,0,0,0,0,0,0,0,1,0,0,0.12,0,0,0,43421,71407795
32,1101030105,11010301,110103,1101,11,05DB,WASHOUT CREEK,NORTH SASKATCHEWAN,,Mixed Alpine,2,GOA,31,0,0,0,345,0,0,0,0,0,0,0,0,0,0,0,0,0,0,0,1,0,0,0.14,0,0,0,31869,31115554
33,1101030108,11010301,110103,1101,11,05DB,LIMESTONE CREEK,NORTH SASKATCHEWAN,,Mixed Alpine,3,GOA,100,222,0,222,665,137,0,3299,0,0,0,158,77,0,0,0,0,0,0,0.2,1,0,0,0.134,151,0,0,53841,100140884
34,1101030109,11010301,110103,1101,11,05DB,SEVEN MILE CREEK,NORTH SASKATCHEWAN,,Foothills,1,GOA,71,778,0,778,1408,431,0,11892,0,0,0,372,0,0,0,0,0,0,0.042,0.5,1,22774053,2236,0.195,573,0,0,43573,70853173
35,1101030110,11010301,110103,1101,11,05DB,TAY RIVER,NORTH SASKATCHEWAN,,Foothills,1,GOA,175,887,0,887,2201,137,772,14306,2237,"262,848",0,725,750,0,0,13,0,0,0.029,0.4,1,36092861,4393,0.187,462,4127,11955,94031,174531607
36,1101030107,11010301,110103,1101,11,05DB,MIDDLE CLEARWATER RIVER,NORTH SASKATCHEWAN,,Foothills,1,GOA,480,397,0,397,1366,310,294,7545,1304,"213,192",0,1215,194,0,0,166,0,0,0.006,0.3,1,9511336,0,0.222,709,1261,5884,178863,479634170
37,1101030111,11010301,110103,1101,11,05DB,LOWER CLEARWATER RIVER,NORTH SASKATCHEWAN,,Foothills,2,GOA,431,1517,0,1517,3206,1532,18647,42337,329209,"31,093,041",20,2271,6871,17,0,1671,33,59,0.019,0.5,1,12298641,93931,0.261,1395,16781,243094,169838,431410552
38,1101030102,11010301,110103,1101,11,05DB,CLEARWATER RIVER ABOVE ELK CREEK,NORTH SASKATCHEWAN,,Mixed Alpine,2,GOA,360,15,0,15,338,3,0,791,0,0,0,0,47,0,0,0,0,0,0,0,1,0,19459,0.139,18,0,0,156511,360016655
39,1101030106,11010301,110103,1101,11,05DB,ELK CREEK,NORTH SASKATCHEWAN,,Foothills,1,GOA,94,366,0,366,1293,684,65,7475,0,0,0,534,550,0,0,0,0,0,0,0.2,1,7082858,0,0.166,597,378,0,59176,94442945
40,1101030202,11010302,110103,1101,11,05DB,LICK CREEK,NORTH SASKATCHEWAN,,Foothills,1,GOA,103,819,0,819,2931,133,0,10073,0,"24,924",0,2192,0,0,0,0,0,0,0,0.4,1,44253729,1014,0.113,602,0,0,55751,103333512
41,1101030205,11010302,110103,1101,11,05DB,SWAN CREEK,NORTH SASKATCHEWAN,,Foothills,3,GOA,185,844,0,844,4461,860,201,21433,1711,"761,531",2,270,4235,0,0,1299,0,0,0.011,0.3,1,24646807,1463,0.152,496,348,2439,96185,185151285
42,1101030201,11010302,110103,1101,11,05DB,UPPER PRAIRIE CREEK,NORTH SASKATCHEWAN,,Foothills,1,GOA,103,829,0,829,2758,98,79,12634,0,"75,632",0,710,661,0,0,0,0,0,0.029,0.5,1,24396453,0,0.133,1054,595,0,61797,103039818
43,1101030203,11010302,110103,1101,11,05DB,MIDDLE PRAIRIE CREEK,NORTH SASKATCHEWAN,,Foothills,3,GOA,355,960,110,1070,4319,2472,2482,31568,34338,"525,973",1,6719,3188,80,0,2209,0,0,0,0.2,1,33506357,1698,0.137,680,5177,116795,116408,354521246
44,1101030204,11010302,110103,1101,11,05DB,LOWER PRAIRIE CREEK,NORTH SASKATCHEWAN,,Foothills,2,GOA,121,1762,0,1762,4756,2898,26383,64376,298145,"8,813,387",13,1411,13860,8,0,1070,0,39,0.025,0.5,1,2964788,181688,0.278,1129,18430,303162,85047,120627331
45,1101040103,11010401,110104,1101,11,05DD,JOB CREEK,NORTH SASKATCHEWAN,,Mixed Alpine,1,GOA,250,0,0,0,51,0,0,0,0,0,0,0,0,0,0,0,0,0,0,0,1,0,0,0.083,0,0,0,82245,249976554
46,1101040101,11010401,110104,1101,11,05DD,UPPER BRAZEAU RIVER,NORTH SASKATCHEWAN,,Mixed Alpine,1,GOA,522,0,0,0,20,0,0,0,0,0,0,0,0,0,0,0,0,0,0,0,1,0,0,0.094,0,0,0,155902,522137318
47,1101040104,11010401,110104,1101,11,05DD,SOUTHESK RIVER,NORTH SASKATCHEWAN,,Mixed Alpine,1,GOA,483,0,0,0,100,0,0,0,0,0,0,0,0,0,0,3,0,0,0,0,0,0,31913,0.086,0,0,0,121783,483080254
48,1101040106,11010401,110104,1101,11,05DD,THISTLE CREEK,NORTH SASKATCHEWAN,,Mixed Alpine,3,GOA,141,160,0,160,796,0,0,1295,0,0,0,6,0,0,0,0,0,0,0,0.1,1,28809,0,0.127,120,0,0,66693,141065612
49,1101040108,11010401,110104,1101,11,05DD,UNNAMED - DEVIL FORKS,NORTH SASKATCHEWAN,,Foothills,1,GOA,98,675,0,675,1763,839,0,10560,0,0,0,918,930,0,0,31,0,0,0,0.3,1,22077312,0,0.192,359,0,0,44151,97745537
50,1101040110,11010401,110104,1101,11,05DD,RIFLE CREEK,NORTH SASKATCHEWAN,,Foothills,3,GOA,217,564,0,564,3820,1137,0,20634,0,0,0,884,4081,137,0,39,0,0,0,0.1,1,21266088,9262,0.196,226,0,0,79355,217432145
51,1101040102,11010401,110104,1101,11,05DD,BRAZEAU RIVER ABOVE SOUTHESK RIVER,NORTH SASKATCHEWAN,,Mixed Alpine,2,GOA,475,0,0,0,273,0,0,0,0,0,0,0,0,0,0,0,0,0,0,0,1,0,1877,0.129,0,0,0,141903,475212169
52,1101040109,11010401,110104,1101,11,05DD,BRAZEAU RIVER ABOVE RESERVOIR,NORTH SASKATCHEWAN,,Foothills,3,GOA,376,519,0,519,2940,1150,0,13262,0,0,0,1363,3732,22,0,2093,0,505,0,0.1,1,24363518,38378,0.219,151,0,0,177058,375549483
53,1101040105,11010401,110104,1101,11,05DD,BRAZEAU RIVER CANYON,NORTH SASKATCHEWAN,,Foothills,1,GOA,204,398,0,398,1766,79,1215,6164,0,0,0,247,897,0,0,0,0,0,0,0.2,1,7057978,81,0.149,274,2003,0,96670,203521146
54,1101040107,11010401,110104,1101,11,05DD,BRAZEAU RIVER BELOW CARDINAL RIVER,NORTH SASKATCHEWAN,,Foothills,1,GOA,165,626,0,626,1901,301,0,10598,0,0,0,1184,1861,0,0,0,0,0,0,0.4,1,22577681,0,0.193,527,0,0,87883,165395958
55,1101040202,11010402,110104,1101,11,05DD,RUBY CREEK,NORTH SASKATCHEWAN,,Mixed Alpine,3,GOA,109,292,0,292,298,0,0,2174,0,0,0,0,0,0,0,0,0,0,0,0.1,1,0,0,0.121,507,0,0,60009,108617465
56,1101040201,11010402,110104,1101,11,05DD,UPPER CARDINAL RIVER,NORTH SASKATCHEWAN,,Mixed Alpine,3,GOA,231,179,0,179,656,0,0,1572,0,0,0,0,0,0,0,3,0,0,0,0.1,1,0,0,0.142,359,0,0,88766,231272708
57,1101040203,11010402,110104,1101,11,05DD,LOWER CARDINAL RIVER,NORTH SASKATCHEWAN,,Foothills,1,GOA,155,364,0,364,1604,152,0,4272,0,0,0,303,121,0,0,5,0,0,0,0.2,1,0,6825,0.166,341,0,0,77408,154631655
58,1101040302,11010403,110104,1101,11,05DD,WAPIABI CREEK,NORTH SASKATCHEWAN,,Foothills,1,GOA,355,52,0,52,776,0,0,806,0,0,0,58,45,0,0,0,0,0,0,0,1,1125330,1294,0.115,43,0,0,106492,354804100
59,1101040301,11010403,110104,1101,11,05DD,UPPER BLACKSTONE RIVER,NORTH SASKATCHEWAN,,Mixed Alpine,3,GOA,288,116,0,116,937,475,0,1912,0,0,0,32,133,42,0,0,0,0,0,0.1,1,0,0,0.104,87,0,0,103260,287844031
60,1101040304,11010403,110104,1101,11,05DD,CHUNGO CREEK,NORTH SASKATCHEWAN,,Mixed Alpine,3,GOA,188,176,0,176,806,51,0,3351,0,0,0,257,1248,0,0,0,0,0,0,0.2,1,0,61,0.1,156,0,0,81781,187895989
61,1101040305,11010403,110104,1101,11,05DD,BROWN CREEK,NORTH SASKATCHEWAN,,Foothills,1,GOA,248,433,0,433,1285,601,0,9703,0,0,0,1051,2596,0,0,14,0,0,0,0.3,1,3386285,0,0.111,453,0,0,108015,248342725
62,1101040306,11010403,110104,1101,11,05DD,LOWER BLACKSTONE RIVER,NORTH SASKATCHEWAN,,Foothills,1,GOA,168,623,0,623,2425,334,0,10502,0,0,0,1469,832,0,0,6,0,0,0,0.2,1,31519471,0,0.129,245,0,0,63935,168380739
63,1101040303,11010403,110104,1101,11,05DD,MIDDLE BLACKSTONE RIVER,NORTH SASKATCHEWAN,,Foothills,1,GOA,154,633,0,633,1910,431,0,12890,0,0,0,1518,2272,0,0,0,0,0,0,0.4,1,7514257,0,0.12,596,0,0,86462,154008844
64,1101040402,11010404,110104,1101,11,05DD,LOWER ELK RIVER,NORTH SASKATCHEWAN,,Foothills,3,GOA,225,867,0,867,4881,1238,170,34791,0,0,0,4246,5785,0,0,1430,0,16,0,0.2,1,25946673,239582,0.145,311,745,0,91705,225269904
65,1101040401,11010404,110104,1101,11,05DD,UPPER ELK RIVER,NORTH SASKATCHEWAN,,Foothills,1,GOA,271,721,0,721,5238,953,0,14373,0,0,0,968,4503,8,0,124,0,0,0,0.3,1,34695417,89,0.168,444,0,0,88350,271115372
66,1101040502,11010405,110104,1101,11,05DD,BRAZEAU CANAL,NORTH SASKATCHEWAN,,Foothills,2,GOA,74,681,0,681,2642,3262,152,17679,0,0,0,1300,9653,510,0,436,315,220083,0.027,0.1,4,6286606,0,0.325,693,467,0,55419,73785211
67,1101040501,11010405,110104,1101,11,05DD,BRAZEAU RIVER BELOW RESERVOIR,NORTH SASKATCHEWAN,,Foothills,2,GOA,145,602,0,602,3412,2797,27,16411,0,0,0,911,5991,146,0,0,1,10741,0.014,0.1,4,11847584,0,0.312,567,0,0,99146,145336702
68,1101040601,11010406,110104,1101,11,05DD,UPPER NORDEGG RIVER,NORTH SASKATCHEWAN,,Foothills,1,GOA,366,874,0,874,2350,721,0,13896,0,0,0,489,4061,0,0,3,0,0,0,0.6,1,41066443,11220,0.117,600,0,0,92335,365640466
69,1101040602,11010406,110104,1101,11,05DD,MIDDLE NORDEGG RIVER,NORTH SASKATCHEWAN,,Foothills,1,GOA,489,686,0,686,2684,2136,1,16453,0,0,0,1667,2856,54,0,526,0,0,0,0.2,1,31812227,1192,0.171,365,3,0,164961,489333572
70,1101040603,11010406,110104,1101,11,05DD,LOWER NORDEGG RIVER,NORTH SASKATCHEWAN,,Foothills,2,GOA,321,819,0,819,4264,5301,1892,30952,361,0,0,1830,11604,229,0,1943,0,0,0.003,0.1,2,17014797,1162,0.125,429,1292,2896,100650,320640310
71,1101010106,11010101,110101,1101,11,05DA,WHITERABBIT CREEK,NORTH SASKATCHEWAN,,Mixed Alpine,2,GOA,122,0,0,0,40,0,0,0,0,0,0,0,0,0,0,0,0,27,0,0,1,0,0,0.123,0,0,0,68303,121605547
72,1101010103,11010101,110101,1101,11,05DA,NORTH SASKATCHEWAN ABOVE ABRAHAM,NORTH SASKATCHEWAN,,Mixed Alpine,2,GOA,447,146,0,146,324,437,0,2360,0,0,0,435,0,0,0,0,0,149,0,0.1,1,1947317,176588,0.092,392,0,0,120757,447345769
73,1101010105,11010101,110101,1101,11,05DA,ABRAHAM LAKE - NORTH SASKATCHEWAN,NORTH SASKATCHEWAN,,Mixed Alpine,3,GOA,376,154,0,154,208,565,47,2713,0,0,0,236,0,15,0,13,0,135520,0.005,0.1,1,181779,3110,0.066,205,0,0,119719,376013093
74,1101040111,11010401,110104,1101,11,05DD,BRAZEAU RESERVOIR,NORTH SASKATCHEWAN,,Foothills,3,GOA,187,574,0,574,3245,1920,0,16342,0,0,0,946,5945,57,0,852,129,211188,0.005,0.1,2,18177595,78672,0.111,317,0,0,103335,186882758
75,1101010102,11010101,110101,1101,11,05DA,HOWSE RIVER,NORTH SASKATCHEWAN,,Mixed Alpine,1,GOA,441,0,0,0,0,0,0,0,0,0,0,0,0,0,0,1,0,0,0,0,2,0,0,0.081,0,0,0,117356,441081349
76,1102030201,11020302,110203,1102,11,05EA,ATIM CREEK,NORTH SASKATCHEWAN,,Central Parkland,1,Internal,248,2727,71,2797,841,16054,152194,208601,546917,"27,415,197",17,368,117,589,0,1242,175,523,0,0.4,143,11564,0,0.094,2097,88531,471071,93099,248112283
77,1102030202,11020302,110203,1102,11,05EA,ATIM CREEK,NORTH SASKATCHEWAN,,Central Parkland,1,Internal,221,2978,55,3033,981,66111,167117,279845,433031,"33,792,748",19,2741,1370,3223,0,896,121,551,0,0.6,111,674472,0,0.174,1850,136469,304202,100679,220528289
78,1103010204,11030102,110301,1103,11,05EB,BEVERHILL CREEK,NORTH SASKATCHEWAN,,Dry Mixedwood,1,Internal,295,1806,52,1858,1063,284,91745,118827,247749,"9,995,741",8,362,489,1270,0,390,0,166,0.003,0.3,16,0,0,0.062,1121,42728,240320,88109,294668275
79,1103010201,11030102,110301,1103,11,05EB,BEVERHILL CREEK,NORTH SASKATCHEWAN,,Central Parkland,2,Internal,265,1187,58,1245,785,0,12186,26047,828389,"96,116,251",14,1783,1754,0,0,197,0,2112,0.072,0.5,5,0,0,0.411,1054,9508,796933,99469,264798049
80,1103010202,11030102,110301,1103,11,05EB,BEVERHILL CREEK,NORTH SASKATCHEWAN,,Central Parkland,2,Internal,219,1238,0,1238,699,87,17872,32388,854651,"130,524,013",14,1510,723,128,0,404,256,0,0.046,0.6,7,0,0,0.388,1160,14557,870809,90210,218889327
81,1103010205,11030102,110301,1103,11,05EB,BEVERHILL CREEK,NORTH SASKATCHEWAN,,Central Parkland,3,Internal,255,1252,36,1287,712,2109,16831,34303,800101,"83,287,754",15,1331,888,8499,0,136,415,396,0.055,0.3,4,0,0,0.316,1312,12898,745610,121445,254829524
82,1103010210,11030102,110301,1103,11,05EB,BEVERHILL CREEK,NORTH SASKATCHEWAN,,Central Parkland,2,Internal,304,1686,186,1872,2484,10512,23452,64839,574355,"37,483,619",12,15987,19562,947,0,829,0,0,0.003,0.5,11,0,92871,0.204,1589,25807,729126,108285,303713588
83,1103010208,11030102,110301,1103,11,05EB,BEVERHILL CREEK,NORTH SASKATCHEWAN,,Dry Mixedwood,2,Internal,299,1108,3,1112,841,1538,18304,33593,508347,"19,591,320",10,686,345,0,0,238,0,77,0.01,0.4,3,59880,0,0.325,1076,17632,663689,122164,298905793
84,1103010207,11030102,110301,1103,11,05EB,BEVERHILL CREEK,NORTH SASKATCHEWAN,,Dry Mixedwood,2,Internal,309,1017,24,1041,1156,600,29594,43679,255332,"24,155,022",9,521,898,0,0,152,0,0,0.003,0.3,5,0,0,0.138,669,15469,338570,123662,308631068
85,1103010209,11030102,110301,1103,11,05EB,BEVERHILL CREEK,NORTH SASKATCHEWAN,,Central Parkland,2,Internal,372,1461,94,1555,1067,3822,23789,46703,723974,"34,306,370",14,1493,4480,1059,0,175,178,28,0.013,0.5,3,22144,0,0.469,1430,23370,729426,149401,372073263
86,1103010206,11030102,110301,1103,11,05EB,BEVERHILL CREEK,NORTH SASKATCHEWAN,,Central Parkland,2,Internal,292,440,0,440,453,126,10743,15914,372162,"42,482,096",14,1345,279,673,0,52,94,62,0.017,0.2,4,0,0,0.278,505,8055,533843,130737,291535798
87,1103010203,11030102,110301,1103,11,05EB,BEVERHILL CREEK,NORTH SASKATCHEWAN,,Dry Mixedwood,2,Internal,315,1311,22,1333,1114,3294,40038,62057,323759,"73,023,048",10,4688,3559,330,0,225,0,391,0.013,0.2,13,0,0,0.086,1002,34564,421137,91462,314687827
88,1104010402,11040104,110401,1104,11,05ED,FROG CREEK,NORTH SASKATCHEWAN,,Dry Mixedwood,3,Internal,328,908,0,908,3358,6609,3392,26020,56348,"5,654,029",5,646,901,54,646,911,0,0,0,0.2,4,1215475,4098,0.09,514,1274,7623,132636,328125912
89,1104010401,11040104,110401,1104,11,05ED,FROG CREEK,NORTH SASKATCHEWAN,,Dry Mixedwood,3,Internal,142,396,0,396,3078,87,595,8717,1777,"3,984,978",5,56,745,0,75,0,0,0,0,0.2,4,0,0,0.119,316,209,3166,72715,141913702
90,1104020401,11040204,110402,1104,11,05EE,LOWER VERMILION RIVER,NORTH SASKATCHEWAN,,Central Parkland,2,Internal,174,1480,0,1480,1348,1852,14097,32985,739181,"35,649,480",24,1901,683,9,1303,614,0,0,0,0.4,6,77739,0,0.066,1210,10940,405856,108471,173611365
91,1104020407,11040204,110402,1104,11,05EE,LOWER VERMILION RIVER,NORTH SASKATCHEWAN,,Central Parkland,3,Internal,154,1113,0,1113,880,345,10794,23790,802095,"60,147,830",23,416,10857,23,536,397,0,0,0.006,0.7,6,0,0,0.145,938,7024,711129,85564,154214254
92,1104020408,11040204,110402,1104,11,05EE,LOWER VERMILION RIVER,NORTH SASKATCHEWAN,,Central Parkland,2,Internal,217,1340,24,1364,1170,2999,25135,45173,695185,"63,849,611",27,1792,4799,897,895,2815,0,99,0.009,0.3,6,0,0,0.124,900,7269,473861,91784,216701816
93,1104020405,11040204,110402,1104,11,05EE,LOWER VERMILION RIVER,NORTH SASKATCHEWAN,,Central Parkland,2,Internal,169,1557,162,1718,1141,194,13444,35060,657221,"251,041,618",21,481,16680,449,708,332,0,253,0.03,0.5,6,0,0,0.092,1185,11477,452654,123119,169345548
94,1104020406,11040204,110402,1104,11,05EE,LOWER VERMILION RIVER,NORTH SASKATCHEWAN,,Central Parkland,2,Internal,233,1121,0,1121,1140,199,8792,22970,645818,"258,268,659",21,596,4655,0,247,327,0,0,0,0.4,6,0,0,0.097,1188,2836,391330,101736,232922163
95,1104020404,11040204,110402,1104,11,05EE,LOWER VERMILION RIVER,NORTH SASKATCHEWAN,,Central Parkland,2,Internal,296,1213,0,1213,1175,315,11749,27186,699651,"39,892,857",20,490,3569,70,534,2109,0,505,0.007,0.4,6,0,0,0.089,997,7687,559600,108064,296053513
96,1104020403,11040204,110402,1104,11,05EE,LOWER VERMILION RIVER,NORTH SASKATCHEWAN,,Central Parkland,2,Internal,249,1764,20,1784,1555,1325,18936,41034,729748,"164,171,937",29,631,17206,362,482,1454,0,56,0.004,0.6,6,0,0,0.127,1348,10719,519385,94188,249214033
97,1104020402,11040204,110402,1104,11,05EE,LOWER VERMILION RIVER,NORTH SASKATCHEWAN,,Central Parkland,2,Internal,289,1191,1,1192,763,938,18139,33638,796342,"40,788,616",29,3548,484,505,1821,723,0,40,0.035,0.4,6,0,0,0.163,1189,14351,704703,116110,288900987
98,1103010101,11030101,110301,1103,11,05EB,NORTH SASKATCHEWAN ABOVE BEAVERHILL,NORTH SASKATCHEWAN,,Central Parkland,1,Internal,258,6365,236,6601,1398,158768,194184,461925,186402,"33,697,561",15,6036,113,1576,0,1154,0,1016,0,0.9,954,0,0,0.1,5203,152036,209811,105311,257631728
99,1103010104,11030101,110301,1103,11,05EB,NORTH SASKATCHEWAN ABOVE BEAVERHILL,NORTH SASKATCHEWAN,,Dry Mixedwood,1,Internal,181,2474,116,2590,784,6247,149436,194296,486696,"30,019,006",8,19732,42,482,0,2512,0,264,0,0.9,76,0,0,0.158,1280,73027,573987,77883,180940728
100,1103010106,11030101,110301,1103,11,05EB,NORTH SASKATCHEWAN ABOVE BEAVERHILL,NORTH SASKATCHEWAN,,Central Parkland,2,Internal,263,1798,64,1862,1058,18708,68718,116576,598665,"40,135,762",11,458,865,44,0,658,0,361,0,0.7,52,0,0,0.192,1293,42530,674749,91142,263489299
101,1103010107,11030101,110301,1103,11,05EB,NORTH SASKATCHEWAN ABOVE BEAVERHILL,NORTH SASKATCHEWAN,,Dry Mixedwood,1,Internal,195,1596,118,1713,2107,51687,25805,102621,520601,"29,365,967",11,14809,11964,532,0,1457,0,0,0,0.1,17,0,111710,0.065,1289,9767,352316,86346,195166225
102,1103010105,11030101,110301,1103,11,05EB,NORTH SASKATCHEWAN ABOVE BEAVERHILL,NORTH SASKATCHEWAN,,Central Parkland,2,Internal,182,1723,429,2152,1466,84203,47679,164379,603545,"50,218,520",13,41996,72,8202,0,26326,0,106,0,0.3,120,0,0,0.19,1641,43665,681211,91140,181994308
103,1103010102,11030101,110301,1103,11,05EB,NORTH SASKATCHEWAN ABOVE BEAVERHILL,NORTH SASKATCHEWAN,,Central Parkland,1,Internal,247,5940,221,6161,876,63768,170204,337667,341090,"53,837,418",14,17430,0,3927,0,774,0,3599,0,0.3,1178,0,0,0.18,3631,110055,483808,88325,246839313
104,1103010103,11030101,110301,1103,11,05EB,NORTH SASKATCHEWAN ABOVE BEAVERHILL,NORTH SASKATCHEWAN,,Central Parkland,1,Internal,156,4709,178,4887,1043,91985,277828,442310,275242,"28,983,569",10,805,0,10177,0,282,0,2609,0,1.4,359,0,0,0.157,2935,181460,344200,64698,156265292
105,1104010113,11040101,110401,1104,11,05ED,NORTH SASKATCHEWAN AND MANN LAKES,NORTH SASKATCHEWAN,,Dry Mixedwood,3,Internal,303,1001,0,1001,1006,111,15374,26771,586849,"30,496,332",19,1520,1486,0,1345,253,0,0,0,0.3,2,56664,0,0.088,917,15579,481497,113167,302500784
106,1104010106,11040101,110401,1104,11,05ED,NORTH SASKATCHEWAN AND MANN LAKES,NORTH SASKATCHEWAN,,Central Parkland,2,Internal,226,1296,0,1296,1514,118,11332,27295,513364,"25,336,005",22,1288,595,0,8226,834,0,0,0,0.1,5,366768,0,0.076,894,13653,595212,95422,225900835
107,1104010104,11040101,110401,1104,11,05ED,NORTH SASKATCHEWAN AND MANN LAKES,NORTH SASKATCHEWAN,,Dry Mixedwood,2,Internal,209,1593,0,1593,1888,1195,18284,41381,406023,"12,445,127",13,1804,760,682,740,369,0,0,0,0.3,3,0,0,0.115,1501,17318,219242,71351,209396790
108,1104010105,11040101,110401,1104,11,05ED,NORTH SASKATCHEWAN AND MANN LAKES,NORTH SASKATCHEWAN,,Central Parkland,3,Internal,192,1535,0,1535,2131,42,9093,29297,545939,"32,061,646",25,2051,1078,0,71218,144,0,0,0,0.5,4,141733,0,0.148,1749,5271,567863,88155,191937264
109,1104010103,11040101,110401,1104,11,05ED,NORTH SASKATCHEWAN AND MANN LAKES,NORTH SASKATCHEWAN,,Dry Mixedwood,2,Internal,304,1558,0,1558,5094,2297,11707,37835,317842,"23,625,364",15,11082,2026,382,6268,392,0,0,0,0.4,3,730547,0,0.127,890,5708,148258,85837,304364985
110,1104010102,11040101,110401,1104,11,05ED,NORTH SASKATCHEWAN AND MANN LAKES,NORTH SASKATCHEWAN,,Dry Mixedwood,2,Internal,135,1511,0,1511,1871,5361,30436,57387,561087,"72,756,396",28,6973,1532,2008,2888,494,0,0,0.007,0.5,5,123566,0,0.072,1143,34052,294387,80449,134839517
111,1104010101,11040101,110401,1104,11,05ED,NORTH SASKATCHEWAN AND MANN LAKES,NORTH SASKATCHEWAN,,Dry Mixedwood,2,Internal,296,1158,0,1158,1359,75,32573,45908,672335,"138,296,826",28,508,880,65,329,431,0,21,0.007,0.3,5,849593,0,0.093,1078,35717,493230,132587,295775957
112,1104010108,11040101,110401,1104,11,05ED,NORTH SASKATCHEWAN AND MANN LAKES,NORTH SASKATCHEWAN,,Dry Mixedwood,2,Internal,149,1166,0,1166,1548,88,20195,34218,533181,"22,288,164",18,4175,1737,0,325,307,0,0,0,0.4,5,185625,0,0.069,1130,14326,303638,68193,149401525
113,1104010107,11040101,110401,1104,11,05ED,NORTH SASKATCHEWAN AND MANN LAKES,NORTH SASKATCHEWAN,,Central Parkland,2,Internal,170,1405,0,1405,1445,2175,9530,28336,624673,"38,321,741",19,882,844,0,307,264,0,0,0,0.4,3,0,0,0.101,1142,6544,437181,96719,169655366
114,1104010109,11040101,110401,1104,11,05ED,NORTH SASKATCHEWAN AND MANN LAKES,NORTH SASKATCHEWAN,,Dry Mixedwood,2,Internal,311,1023,0,1023,1213,40,14185,26249,472700,"19,888,311",17,1896,1502,0,8865,163,0,0,0,0.2,5,437522,0,0.046,955,17662,274193,106995,311204454
115,1104010111,11040101,110401,1104,11,05ED,NORTH SASKATCHEWAN AND MANN LAKES,NORTH SASKATCHEWAN,,Dry Mixedwood,2,Internal,305,805,0,805,1337,0,6491,16466,517571,"29,201,389",16,1267,1928,89,1051,121,0,0,0,0.2,3,76176,0,0.065,652,6288,403640,123004,305443539
116,1104010110,11040101,110401,1104,11,05ED,NORTH SASKATCHEWAN AND MANN LAKES,NORTH SASKATCHEWAN,,Dry Mixedwood,2,Internal,178,1151,0,1151,1039,198,33980,47577,620413,"24,559,487",18,643,2241,2453,111,162,0,0,0,0.2,5,0,0,0.084,1144,44453,588031,77591,178035282
117,1104010112,11040101,110401,1104,11,05ED,NORTH SASKATCHEWAN AND MANN LAKES,NORTH SASKATCHEWAN,,Dry Mixedwood,2,Internal,171,1118,0,1118,1011,181,15654,29177,756485,"35,839,606",18,3689,2092,0,209,315,0,282,0,0.2,2,0,0,0.061,845,12986,600614,82007,170935825
118,1102020101,11020201,110202,1102,11,05DF,NORTH SASKATCHEWAN BELOW STRAWBERRY,NORTH SASKATCHEWAN,,Central Mixedwood,1,Internal,232,1464,44,1509,1798,981,30955,51763,721056,"48,455,741",25,1615,6786,1595,0,578,0,0,0,0.6,7,366837,0,0.179,1157,16581,678460,97705,232209753
119,1102020106,11020201,110202,1102,11,05DF,NORTH SASKATCHEWAN BELOW STRAWBERRY,NORTH SASKATCHEWAN,,Central Parkland,1,Internal,243,6771,135,6906,1365,134384,174742,420481,228003,"46,976,353",17,769,3470,3050,0,1445,0,969,0,0.3,956,0,0,0.07,3263,74832,378389,127905,243054935
120,1102020105,11020201,110202,1102,11,05DF,NORTH SASKATCHEWAN BELOW STRAWBERRY,NORTH SASKATCHEWAN,,Central Parkland,1,Internal,143,3013,0,3013,2579,12877,131790,192034,445966,"43,445,500",16,564,9817,0,0,221,0,837,0,0.4,410,0,0,0.114,2740,102486,337412,68329,142939656
121,1102020104,11020201,110202,1102,11,05DF,NORTH SASKATCHEWAN BELOW STRAWBERRY,NORTH SASKATCHEWAN,,Central Parkland,2,Internal,284,1990,0,1990,1540,1785,91863,122866,583805,"37,885,249",23,3540,5050,9,0,786,170,0,0,0.2,8,0,0,0.087,1492,54025,496319,118717,283795869
122,1102020102,11020201,110202,1102,11,05DF,NORTH SASKATCHEWAN BELOW STRAWBERRY,NORTH SASKATCHEWAN,,Central Parkland,2,Internal,288,1614,39,1653,2189,3487,35157,60096,711465,"50,064,381",20,2035,4611,653,0,656,0,24,0,0.3,7,261686,0,0.247,1333,28113,761564,116335,288424254
123,1102020103,11020201,110202,1102,11,05DF,NORTH SASKATCHEWAN BELOW STRAWBERRY,NORTH SASKATCHEWAN,,Central Parkland,3,Internal,145,1446,49,1495,1016,184,32167,49896,819158,"47,844,092",20,789,1480,0,0,989,0,0,0,0.3,6,0,0,0.274,1446,36161,824312,69222,145192818
124,1104010201,11040102,110401,1104,11,05ED,SADDLE LAKE,NORTH SASKATCHEWAN,,Dry Mixedwood,2,Internal,274,1039,0,1039,3437,686,14330,31317,373873,"13,001,949",14,1961,2603,246,282,757,0,0,0,0.2,1,1838824,0,0.261,635,7212,200200,102846,274324783
125,1104010205,11040102,110401,1104,11,05ED,SADDLE LAKE,NORTH SASKATCHEWAN,,Dry Mixedwood,2,Internal,206,1379,0,1379,1360,10355,41992,72021,481515,"28,026,956",19,478,3044,438,414,457,0,0,0,0.2,6,0,0,0.093,1332,41092,523982,86223,205774656
126,1104010204,11040102,110401,1104,11,05ED,SADDLE LAKE,NORTH SASKATCHEWAN,,Dry Mixedwood,2,Internal,282,1191,0,1191,1279,926,28299,44252,711545,"26,686,192",16,1546,3033,385,33,413,0,0,0,0.2,6,0,0,0.092,1125,26420,673585,105191,281956273
127,1104010203,11040102,110401,1104,11,05ED,SADDLE LAKE,NORTH SASKATCHEWAN,,Dry Mixedwood,2,Internal,183,1174,0,1175,1059,835,26495,42617,618867,"35,291,483",20,733,2325,42,578,1182,0,0,0,0.2,5,416172,0,0.088,764,18319,596426,87965,182913119
128,1104010202,11040102,110401,1104,11,05ED,SADDLE LAKE,NORTH SASKATCHEWAN,,Dry Mixedwood,2,Internal,302,1021,0,1021,1919,193,17907,30778,502692,"15,804,162",16,502,2093,0,157,136,0,0,0,0.2,2,417688,3402,0.136,697,7372,343940,130604,301677449
129,1104010303,11040103,110401,1104,11,05ED,SLAWA CREEK,NORTH SASKATCHEWAN,,Dry Mixedwood,2,Internal,244,1135,0,1135,1115,84,14631,28892,674441,"31,893,610",15,4111,1791,160,275,365,0,0,0,0.4,2,0,0,0.062,1112,10103,488127,88470,244428548
130,1104010302,11040103,110401,1104,11,05ED,SLAWA CREEK,NORTH SASKATCHEWAN,,Central Parkland,2,Internal,182,1419,0,1419,1198,234,12729,29211,686819,"38,466,203",19,420,725,0,535,206,0,0,0.027,0.5,3,0,0,0.105,1097,10665,449926,79799,182400638
131,1104010304,11040103,110401,1104,11,05ED,SLAWA CREEK,NORTH SASKATCHEWAN,,Dry Mixedwood,2,Internal,215,1117,0,1117,991,432,12557,26411,654270,"34,381,470",17,424,1240,40,1194,355,0,158,0.005,0.4,2,137071,0,0.08,868,10746,404194,90195,214801565
132,1104010301,11040103,110401,1104,11,05ED,SLAWA CREEK,NORTH SASKATCHEWAN,,Central Parkland,2,Internal,290,1140,0,1140,888,231,10295,23496,782515,"41,558,394",19,501,5838,0,531,184,0,0,0.014,0.3,4,0,0,0.094,980,6197,556581,118324,289580571
133,1102020201,11020202,110202,1102,11,05DF,STRAWBERRY CREEK,NORTH SASKATCHEWAN,,Central Mixedwood,2,Internal,247,1824,48,1873,3358,1654,17042,46502,615781,"34,950,759",24,1936,18483,472,0,1354,18,1096,0,0.9,5,667171,4170,0.133,1602,11430,465277,75734,247156978
134,1102020203,11020202,110202,1102,11,05DF,STRAWBERRY CREEK,NORTH SASKATCHEWAN,,Central Mixedwood,1,Internal,168,1303,28,1331,857,1267,23202,39483,756551,"30,294,396",24,18868,2544,150,0,685,47,0,0,0.6,6,0,0,0.135,1037,19712,644892,70970,168028305
135,1102020202,11020202,110202,1102,11,05DF,STRAWBERRY CREEK,NORTH SASKATCHEWAN,,Central Mixedwood,1,Internal,186,1521,49,1570,1532,1839,21476,44050,714926,"35,642,336",24,9052,6740,833,0,2326,0,35,0,0.8,6,128903,0,0.155,1078,10866,599590,78395,185931549
136,1102030101,11020301,110203,1102,11,05EA,STURGEON RIVER,NORTH SASKATCHEWAN,,Central Mixedwood,1,Internal,170,1175,58,1233,2836,1032,20143,37391,423345,"37,363,875",14,7619,736,34,0,1087,0,0,0,0.4,8,1529150,0,0.127,664,8376,351455,71476,170304900
137,1102030113,11020301,110203,1102,11,05EA,STURGEON RIVER,NORTH SASKATCHEWAN,,Central Parkland,2,Internal,206,1614,142,1756,772,2392,62516,87710,706120,"55,109,208",15,1380,1294,504,0,738,0,0,0.01,0.5,18,0,0,0.156,956,27833,643495,84359,206215111
138,1102030110,11020301,110203,1102,11,05EA,STURGEON RIVER,NORTH SASKATCHEWAN,,Central Parkland,2,Internal,127,3912,169,4082,1332,29827,173496,270045,513505,"58,004,310",15,2067,1726,1345,0,903,0,1124,0,0.6,352,0,0,0.313,2135,98372,578836,64955,127134921
139,1102030112,11020301,110203,1102,11,05EA,STURGEON RIVER,NORTH SASKATCHEWAN,,Central Parkland,2,Internal,155,1479,66,1545,1459,1044,45924,66444,810450,"57,997,619",15,797,4949,139,0,772,528,51,0,0.3,17,0,0,0.228,1214,25926,809744,67302,155401342
140,1102030111,11020301,110203,1102,11,05EA,STURGEON RIVER,NORTH SASKATCHEWAN,,Central Parkland,2,Internal,267,1506,154,1660,900,4327,42704,67859,808649,"58,520,426",14,4092,1172,4042,0,1555,1220,1027,0,0.3,17,0,0,0.325,1186,30334,863061,99953,266808193
141,1102030109,11020301,110203,1102,11,05EA,STURGEON RIVER,NORTH SASKATCHEWAN,,Central Parkland,2,Internal,180,1494,39,1534,746,1685,52742,73879,812618,"58,793,154",14,19387,1971,332,0,1967,0,0,0,0.5,17,0,0,0.456,1359,48991,811500,81674,179787837
142,1102030108,11020301,110203,1102,11,05EA,STURGEON RIVER,NORTH SASKATCHEWAN,,Central Parkland,2,Internal,262,1322,75,1398,755,1169,29405,47292,722301,"57,616,914",14,17651,2314,460,0,5067,17,0,0,0.4,17,7012,26002,0.249,1060,21760,700571,124025,261607286
143,1102030107,11020301,110203,1102,11,05EA,STURGEON RIVER,NORTH SASKATCHEWAN,,Central Mixedwood,1,Internal,161,1144,43,1187,775,286,24762,38451,726019,"54,017,552",15,1520,814,109,0,447,103,0,0,0.4,11,327604,0,0.243,801,12854,689059,67038,160797806
144,1102030105,11020301,110203,1102,11,05EA,STURGEON RIVER,NORTH SASKATCHEWAN,,Central Mixedwood,1,Internal,296,1984,94,2078,1573,4447,74283,106717,454793,"28,336,570",17,9269,994,1261,0,2095,7,4,0,0.7,9,398122,0,0.231,1671,68104,444692,146837,296354252
145,1102030106,11020301,110203,1102,11,05EA,STURGEON RIVER,NORTH SASKATCHEWAN,,Central Mixedwood,1,Internal,196,1238,0,1238,1122,575,31439,46333,620303,"26,648,032",17,3626,930,21,0,455,293,0,0,0.3,5,1473084,0,0.192,908,14268,581658,82421,195788056
146,1102030104,11020301,110203,1102,11,05EA,STURGEON RIVER,NORTH SASKATCHEWAN,,Central Mixedwood,1,Internal,235,2472,43,2517,1579,1408,109971,144574,383015,"16,930,630",15,48440,713,0,0,393,55,323,0,0.6,7,596606,0,0.165,1290,28743,345677,87315,235086512
147,1102030103,11020301,110203,1102,11,05EA,STURGEON RIVER,NORTH SASKATCHEWAN,,Central Mixedwood,1,Internal,260,1691,41,1735,1539,3090,52247,78799,329796,"18,895,165",17,22574,523,2848,0,1064,311,0,0,0.5,6,386282,0,0.267,1874,65775,457299,97840,259715068
148,1102030102,11020301,110203,1102,11,05EA,STURGEON RIVER,NORTH SASKATCHEWAN,,Central Mixedwood,1,Internal,289,1265,27,1291,2314,754,31084,49349,242678,"18,895,154",17,1651,2479,678,0,331,13,51,0,0.4,6,2928782,0,0.221,1228,31765,248881,113735,289175106
149,1104020114,11040201,110402,1104,11,05EE,UPPER VERMILION RIVER,NORTH SASKATCHEWAN,,Central Parkland,2,Internal,301,1105,0,1105,800,138,9657,21979,879598,"450,539,095",15,682,2466,0,192,189,2008,5,0.003,0.3,6,0,0,0.332,1002,7737,878049,104127,301466099
150,1104020107,11040201,110402,1104,11,05EE,UPPER VERMILION RIVER,NORTH SASKATCHEWAN,,Central Parkland,2,Internal,269,1308,87,1395,920,4998,16243,38993,766119,"166,264,042",24,961,3304,72,83784,1035,0,6192,0.015,0.3,6,0,0,0.109,723,7593,539510,135340,268739239
151,1104020106,11040201,110402,1104,11,05EE,UPPER VERMILION RIVER,NORTH SASKATCHEWAN,,Central Parkland,2,Internal,274,1119,10,1130,1077,492,10318,23710,739973,"48,217,021",22,757,5700,451,2574,230,0,0,0,0.4,5,0,0,0.112,683,4880,481643,112578,273509463
152,1104020105,11040201,110402,1104,11,05EE,UPPER VERMILION RIVER,NORTH SASKATCHEWAN,,Dry Mixedwood,2,Internal,299,1042,0,1042,694,0,9432,21767,669118,"41,229,280",19,1035,778,0,450,261,0,0,0,0.2,4,245584,0,0.041,1236,2744,411868,137628,298901987
153,1104020103,11040201,110402,1104,11,05EE,UPPER VERMILION RIVER,NORTH SASKATCHEWAN,,Dry Mixedwood,2,Internal,300,1189,0,1189,1450,2365,15061,32761,564046,"33,488,624",16,8993,2184,1015,598,1014,1167,0,0,0.2,2,245222,0,0.065,951,15992,429788,105225,300007118
154,1104020102,11040201,110402,1104,11,05EE,UPPER VERMILION RIVER,NORTH SASKATCHEWAN,,Dry Mixedwood,2,Internal,294,1142,0,1142,847,123,13434,26983,695428,"39,507,061",18,1833,2381,31,1429,6007,287,855,0.003,0.2,2,110893,0,0.082,745,6468,553075,127405,293985161
155,1104020104,11040201,110402,1104,11,05EE,UPPER VERMILION RIVER,NORTH SASKATCHEWAN,,Central Parkland,2,Internal,275,1177,33,1210,862,369,13857,28878,719513,"55,900,041",15,375,2979,0,106,242,0,702,0.011,0.3,3,6402,0,0.083,1067,8744,522456,129912,274955763
156,1104020108,11040201,110402,1104,11,05EE,UPPER VERMILION RIVER,NORTH SASKATCHEWAN,,Central Parkland,2,Internal,189,1411,73,1484,906,5723,17087,41468,823126,"74,298,733",14,804,4737,10653,123,95,0,1742,0.016,0.6,4,0,0,0.378,1430,18360,772893,89160,189285888
157,1104020101,11040201,110402,1104,11,05EE,UPPER VERMILION RIVER,NORTH SASKATCHEWAN,,Central Parkland,3,Internal,283,1343,34,1377,1207,182,18935,36200,794543,"54,923,010",31,1089,3063,256,156,1024,0,942,0.011,0.4,2,0,0,0.181,1264,12536,680647,114699,283223705
158,1104020112,11040201,110402,1104,11,05EE,UPPER VERMILION RIVER,NORTH SASKATCHEWAN,,Central Parkland,2,Internal,167,1313,88,1401,934,1102,13616,31583,833473,"96,887,842",14,1385,1508,591,309,114,0,3266,0.03,0.4,3,0,0,0.317,1205,6463,795113,62391,166674368
159,1104020113,11040201,110402,1104,11,05EE,UPPER VERMILION RIVER,NORTH SASKATCHEWAN,,Central Parkland,3,Internal,244,1183,48,1231,962,313,8672,24724,723528,"108,507,317",13,1553,2821,57,573,108,628,1394,0.061,0.5,2,0,0,0.453,1157,6809,642448,119919,244104303
160,1104020111,11040201,110402,1104,11,05EE,UPPER VERMILION RIVER,NORTH SASKATCHEWAN,,Central Parkland,2,Internal,298,1068,0,1068,906,90,10941,23461,784675,"81,777,676",15,1255,2891,0,201,447,0,774,0.023,0.3,2,0,0,0.463,938,7368,715355,119589,297926846
161,1104020109,11040201,110402,1104,11,05EE,UPPER VERMILION RIVER,NORTH SASKATCHEWAN,,Central Parkland,2,Internal,274,1174,0,1174,961,231,15331,28451,881889,"78,239,382",15,767,2674,43,920,431,84,336,0.007,0.4,4,0,0,0.332,1241,11467,870636,155820,274482785
162,1104020110,11040201,110402,1104,11,05EE,UPPER VERMILION RIVER,NORTH SASKATCHEWAN,,Central Parkland,2,Internal,261,1123,16,1140,736,29,9322,21951,825442,"84,964,884",15,4194,2217,14,956,1025,0,399,0.126,0.4,4,0,0,0.291,949,5784,767901,156841,260996911
163,1102010402,11020104,110201,1102,11,05DE,WABAMUN CREEK,NORTH SASKATCHEWAN,,Central Mixedwood,1,Internal,227,1512,154,1669,1406,8545,24401,56151,139657,"14,342,485",13,132838,201,1018,0,1877,599,27895,0.004,0.4,8,295700,0,0.046,1870,60895,117679,99223,226811815
164,1102010403,11020104,110201,1102,11,05DE,WABAMUN CREEK,NORTH SASKATCHEWAN,,Central Mixedwood,1,Internal,170,1703,94,1808,2529,1577,45085,71024,288899,"15,094,386",14,31065,1024,2174,0,1633,3,0,0,0.5,8,91319,38715,0.167,1106,14384,254248,96445,169818834
165,1102010401,11020104,110201,1102,11,05DE,WABAMUN CREEK,NORTH SASKATCHEWAN,,Central Mixedwood,1,Internal,107,1026,0,1026,2152,640,18200,31549,391133,"8,561,579",14,212052,1498,697,0,131,130,1845,0,0.6,8,1043276,0,0.171,1064,15867,297319,77348,107297358
166,1103020501,11030205,110302,1103,11,05EC,WHITE EARTH CREEK,NORTH SASKATCHEWAN,,Dry Mixedwood,3,Internal,263,561,0,561,4339,1006,3976,21086,200350,"16,496,701",6,10342,1350,17,1763,187,0,18,0.004,0.3,1,761115,0,0.245,517,2428,136121,97946,262869389
167,1103020504,11030205,110302,1103,11,05EC,WHITE EARTH CREEK,NORTH SASKATCHEWAN,,Dry Mixedwood,3,Internal,218,496,0,496,4151,167,3803,15294,200148,"13,750,254",5,835,2692,0,158,89,0,0,0,0.2,1,1244348,0,0.312,310,407,82721,82819,218461490
168,1103020503,11030205,110302,1103,11,05EC,WHITE EARTH CREEK,NORTH SASKATCHEWAN,,Dry Mixedwood,3,Internal,283,850,52,902,3375,585,13343,31417,269438,"19,238,289",12,2769,2881,15,1075,131,0,78,0,0.2,1,314352,69909,0.191,354,3978,98972,125627,283170486
169,1103020502,11030205,110302,1103,11,05EC,WHITE EARTH CREEK,NORTH SASKATCHEWAN,,Dry Mixedwood,3,Internal,301,976,31,1007,2738,1392,16322,34668,411738,"25,705,721",13,2717,1717,685,788,1259,0,26,0.003,0.3,1,1191210,13508,0.222,672,9160,223121,113372,301369277
170,1102020301,11020203,110202,1102,11,05DF,WHITEMUD CREEK,NORTH SASKATCHEWAN,,Central Parkland,2,Internal,214,1552,40,1593,1545,4374,41315,66751,810591,"159,729,941",21,1035,4531,0,0,616,0,194,0,0.4,44,0,0,0.246,1322,36945,776943,79980,213759492
171,1102020302,11020203,110202,1102,11,05DF,WHITEMUD CREEK,NORTH SASKATCHEWAN,,Central Parkland,2,Internal,162,2722,90,2812,1182,51638,112542,211144,616762,"54,021,422",17,683,2351,1772,0,326,0,2114,0,0.5,227,0,0,0.318,1685,68368,647239,98077,162098547
172,1102020303,11020203,110202,1102,11,05DF,WHITEMUD CREEK,NORTH SASKATCHEWAN,,Central Parkland,1,Internal,293,3594,95,3688,851,104649,105830,268676,482883,"50,747,093",20,2393,414,2240,0,763,505,1663,0,0.8,420,0,0,0.204,3182,71120,501354,147530,293100111
173,1102020304,11020203,110202,1102,11,05DF,WHITEMUD CREEK,NORTH SASKATCHEWAN,,Central Parkland,2,Internal,179,2057,61,2117,930,5635,103419,143657,606681,"30,737,208",16,910,670,59,0,562,0,1853,0.006,0.3,118,0,0,0.117,1219,58863,723318,113753,178991860
174,1102020305,11020203,110202,1102,11,05DF,WHITEMUD CREEK,NORTH SASKATCHEWAN,,Central Parkland,3,Internal,224,1774,47,1821,738,802,99360,124231,712001,"42,232,105",18,1085,871,314,0,691,0,0,0,0.5,43,0,0,0.12,1151,52049,753236,96373,223599755
175,1102010201,11020102,110201,1102,11,05DE,WOLF CREEK,NORTH SASKATCHEWAN,,Foothills,2,Internal,241,1212,0,1212,4590,2380,1524,40814,62807,"1,137,428",3,2934,12604,1631,0,3372,0,0,0,0.4,1,10033718,791778,0.24,808,946,36623,76822,241408508
176,1102010203,11020102,110201,1102,11,05DE,WOLF CREEK,NORTH SASKATCHEWAN,,Central Mixedwood,3,Internal,174,1269,0,1269,3523,890,6044,36302,156425,"1,375,938",4,1634,12755,157,0,782,0,0,0,0.3,2,6050794,215517,0.17,895,10354,135461,60969,173582794
177,1102010202,11020102,110201,1102,11,05DE,WOLF CREEK,NORTH SASKATCHEWAN,,Foothills,2,Internal,252,837,0,837,3564,840,3564,26119,121254,"2,094,321",5,920,6197,28,0,1952,0,124,0.004,0.2,2,4250529,641623,0.235,411,2634,127835,96824,252038821
178,1104020201,11040202,110402,1104,11,05EE,UnNamed,NORTH SASKATCHEWAN,,Central Parkland,2,Internal,257,1077,0,1077,677,34,16932,28765,877382,"57,363,937",29,1065,1901,0,0,192,0,457,0.004,0.4,3,0,0,0.299,1062,16929,824883,94424,256706068
179,1104020202,11040202,110402,1104,11,05EE,UnNamed,NORTH SASKATCHEWAN,,Central Parkland,2,Internal,200,1599,52,1651,1015,8763,28174,59608,833125,"66,904,636",20,1353,2084,689,0,237,0,64,0.03,0.4,4,0,0,0.361,1690,27515,774583,125987,200455091
180,1104020203,11040202,110402,1104,11,05EE,UnNamed,NORTH SASKATCHEWAN,,Central Parkland,3,Internal,250,1241,54,1295,704,1999,18626,35540,831691,"65,938,679",17,461,1978,0,0,281,0,405,0.028,0.3,4,0,0,0.282,1286,17345,762527,103424,250071099
181,1103020201,11030202,110302,1103,11,05EC,REDWATER RIVER,NORTH SASKATCHEWAN,,Central Parkland,2,Internal,217,1074,61,1134,488,416,27734,41134,856942,"72,633,212",15,1546,305,307,0,548,422,0,0,0.4,6,257116,0,0.203,706,17150,806552,82577,216758180
182,1103020202,11030202,110302,1103,11,05EC,REDWATER RIVER,NORTH SASKATCHEWAN,,Dry Mixedwood,1,Internal,256,2027,155,2182,3203,8007,30537,72540,601034,"32,705,141",11,2953,22596,814,0,846,0,0,0,0.2,4,0,35287,0.06,1616,36991,374060,91804,255682926
183,1103020203,11030202,110302,1103,11,05EC,REDWATER RIVER,NORTH SASKATCHEWAN,,Dry Mixedwood,2,Internal,297,1167,29,1196,2721,632,19003,36115,573512,"35,967,597",12,12531,5581,0,0,4765,191,0,0,0.2,4,149547,68723,0.12,943,16472,566849,129791,297130285
184,1103020204,11030202,110302,1103,11,05EC,REDWATER RIVER,NORTH SASKATCHEWAN,,Dry Mixedwood,2,Internal,297,1324,0,1324,1920,1132,35553,53388,572634,"37,260,843",12,16915,1999,0,0,380,0,0,0,0.3,10,231039,2783,0.166,1019,14345,489737,126637,296791790
185,1103020205,11030202,110302,1103,11,05EC,REDWATER RIVER,NORTH SASKATCHEWAN,,Dry Mixedwood,2,Internal,286,1174,0,1174,2273,1510,21394,39848,524435,"67,440,791",15,8085,1121,364,0,866,0,0,0,0.3,3,105755,2442,0.283,957,11120,431481,96489,285778550
186,1103020206,11030202,110302,1103,11,05EC,REDWATER RIVER,NORTH SASKATCHEWAN,,Central Parkland,2,Internal,261,1211,15,1227,928,1616,25354,41361,891167,"92,431,553",18,1337,1335,524,0,711,0,103,0,0.4,8,0,0,0.254,1093,17932,871688,98497,260841231
187,1103020101,11030201,110302,1103,11,05EC,NORTH SASKATCHEWAN BELOW REDWATER,NORTH SASKATCHEWAN,,Dry Mixedwood,2,Internal,296,1017,66,1083,2377,2287,14419,30494,627026,"26,618,045",16,3693,1753,76,0,354,373,0,0,0.3,2,151836,52564,0.268,858,11643,576924,89516,296475809
188,1103020102,11030201,110302,1103,11,05EC,NORTH SASKATCHEWAN BELOW REDWATER,NORTH SASKATCHEWAN,,Dry Mixedwood,2,Internal,215,1077,0,1077,864,187,14826,27058,718751,"47,332,249",25,2900,1647,0,0,193,0,27,0.033,0.3,2,0,0,0.121,1228,10456,715173,94223,215253869
189,1103020103,11030201,110302,1103,11,05EC,NORTH SASKATCHEWAN BELOW REDWATER,NORTH SASKATCHEWAN,,Dry Mixedwood,2,Internal,245,1113,36,1149,2518,512,16860,33306,572316,"23,280,573",19,1526,3801,95,0,513,47,0,0,0.4,1,1228209,0,0.082,1022,10560,392897,94860,245134881
190,1103020104,11030201,110302,1103,11,05EC,NORTH SASKATCHEWAN BELOW REDWATER,NORTH SASKATCHEWAN,,Dry Mixedwood,2,Internal,263,1003,0,1003,1604,279,13196,26097,659115,"50,717,513",22,16864,3080,75,0,152,201,0,0,0.2,2,19054,69,0.11,1004,16647,767002,124896,263415303
191,1103020105,11030201,110302,1103,11,05EC,NORTH SASKATCHEWAN BELOW REDWATER,NORTH SASKATCHEWAN,,Dry Mixedwood,2,Internal,304,1082,19,1101,1040,380,15519,28394,717988,"47,491,009",17,3959,1262,0,0,477,0,0,0,0.2,2,611609,0,0.149,935,11923,709261,100357,304305451
192,1103020106,11030201,110302,1103,11,05EC,NORTH SASKATCHEWAN BELOW REDWATER,NORTH SASKATCHEWAN,,Central Parkland,3,Internal,255,1139,33,1172,1054,3684,17065,35892,737730,"48,772,689",17,9552,1993,26,0,644,0,213,0,0.3,3,0,7836,0.274,1151,16190,819855,115998,254862775
193,1103020107,11030201,110302,1103,11,05EC,NORTH SASKATCHEWAN BELOW REDWATER,NORTH SASKATCHEWAN,,Dry Mixedwood,2,Internal,297,1127,36,1163,834,1521,22513,38583,799276,"49,384,655",17,1018,938,347,0,769,0,0,0,0.3,2,0,0,0.206,1091,19475,798219,127153,297473392
194,1103020108,11030201,110302,1103,11,05EC,NORTH SASKATCHEWAN BELOW REDWATER,NORTH SASKATCHEWAN,,Dry Mixedwood,2,Internal,309,1010,34,1044,1272,161,17005,29572,744975,"47,963,585",20,1030,2254,55,0,703,212,0,0.003,0.3,1,568623,0,0.136,660,12763,569112,121652,308711518
195,1103020301,11030203,110302,1103,11,05EC,NAMEPI CREEK,NORTH SASKATCHEWAN,,Dry Mixedwood,2,Internal,286,876,31,907,1740,322,14859,26200,585438,"35,509,205",12,9591,813,0,0,258,1752,0,0,0.1,3,343207,0,0.261,545,6838,393582,103836,285984723
196,1103020302,11030203,110302,1103,11,05EC,NAMEPI CREEK,NORTH SASKATCHEWAN,,Dry Mixedwood,2,Internal,163,1256,77,1333,1006,907,25973,42802,854357,"49,180,784",13,730,1605,0,0,139,460,145,0,0.2,2,0,0,0.125,1674,24584,744633,86561,163244127
197,1103020303,11030203,110302,1103,11,05EC,NAMEPI CREEK,NORTH SASKATCHEWAN,,Dry Mixedwood,2,Internal,298,1124,44,1168,1689,1266,18519,34126,746352,"42,622,876",12,1809,2349,227,0,313,1301,0,0,0.1,3,43296,0,0.156,1004,12110,582207,135253,298260168
198,1103020401,11030204,110302,1103,11,05EC,EGG CREEK,NORTH SASKATCHEWAN,,Central Parkland,2,Internal,267,1152,63,1215,1208,448,15501,30961,728866,"53,513,154",23,2778,2133,1252,0,425,52,0,0.015,0.3,3,726403,0,0.318,1247,13880,760435,117348,267014155
199,1103020402,11030204,110302,1103,11,05EC,EGG CREEK,NORTH SASKATCHEWAN,,Central Parkland,2,Internal,248,1265,38,1304,686,449,18076,34128,779845,"59,504,382",21,2294,2765,194,0,315,0,0,0.008,0.4,3,0,0,0.287,1237,11445,703667,144690,248109733
200,1103020403,11030204,110302,1103,11,05EC,EGG CREEK,NORTH SASKATCHEWAN,,Central Parkland,2,Internal,192,1124,87,1211,879,268,17376,31531,732177,"57,518,301",28,4876,2779,0,0,235,0,0,0,0.3,3,0,0,0.304,1172,13121,695307,106453,192322838
201,1104020301,11040203,110402,1104,11,05EE,BIRCH CREEK,NORTH SASKATCHEWAN,,Central Parkland,2,Internal,291,1018,0,1018,984,238,9219,22203,777649,"94,685,761",14,1080,4184,0,0,248,0,3952,0.072,0.2,2,0,0,0.173,942,4119,656753,119848,291186424
202,1104020302,11040203,110402,1104,11,05EE,BIRCH CREEK,NORTH SASKATCHEWAN,,Central Parkland,2,Internal,224,1014,0,1014,982,205,3673,15188,755660,"138,747,225",15,489,7781,0,0,319,0,0,0,0,4,0,0,0.001,0,1683,387514,91402,223975287
203,1104020303,11040203,110402,1104,11,05EE,BIRCH CREEK,NORTH SASKATCHEWAN,,Central Parkland,2,Internal,285,1001,0,1001,1129,710,6952,19575,687197,"107,076,623",14,640,6737,0,0,217,0,1555,0.025,0.2,2,0,0,0.104,723,1233,324683,108937,284896397
204,1104020304,11040203,110402,1104,11,05EE,BIRCH CREEK,NORTH SASKATCHEWAN,,Central Parkland,2,Internal,285,1130,72,1202,913,50,10069,24960,735046,"60,151,376",19,335,2905,339,0,217,0,1370,0.011,0.2,4,30480,0,0.057,540,4190,248154,127842,284629163
205,1104020305,11040203,110402,1104,11,05EE,BIRCH CREEK,NORTH SASKATCHEWAN,,Central Parkland,3,Internal,207,1288,117,1405,681,506,12298,30210,704615,"45,827,705",14,404,1012,631,0,319,0,4268,0.014,0.2,4,14433,0,0.07,1083,5559,567827,80347,207461605
206,1104030102,11040301,110403,1104,11,05EF,LOWER NORTH SASKATCHEWAN RIVER,NORTH SASKATCHEWAN,,Dry Mixedwood,2,Internal,3,2086,0,2086,4012,0,14897,29965,66046,"17,270,286",21,918,0,0,0,0,0,0,0,0,5,0,0,0,868,3109,180813,12381,2510256
207,1104030104,11040301,110403,1104,11,05EF,LOWER NORTH SASKATCHEWAN RIVER,NORTH SASKATCHEWAN,,Dry Mixedwood,3,Internal,232,914,0,914,1812,2005,6202,21638,318897,"16,055,331",18,2036,1925,461,80164,133,0,0,0.026,0.2,6,2459875,0,0.079,1090,6610,154792,114308,232436198
208,1104030105,11040301,110403,1104,11,05EF,LOWER NORTH SASKATCHEWAN RIVER,NORTH SASKATCHEWAN,,Dry Mixedwood,2,Internal,181,1348,0,1348,2716,5623,5322,29899,263916,"11,498,408",13,2983,2277,106,1743,85,0,557,0.039,0.5,6,1590625,25951,0.096,1091,3570,522896,78288,180531942
209,1104030106,11040301,110403,1104,11,05EF,LOWER NORTH SASKATCHEWAN RIVER,NORTH SASKATCHEWAN,,Central Parkland,2,Internal,200,1355,0,1355,1049,605,10227,26567,678018,"34,184,277",33,6926,639,0,700,262,0,825,0.03,0.3,6,0,0,0.067,1438,20017,639007,86679,199500418
210,1104030208,11040302,110403,1104,11,05EF,BIG GULLY CREEK,NORTH SASKATCHEWAN,,Central Parkland,3,Internal,320,1928,37,1966,1227,32253,35464,92409,735313,"247,216,943",33,995,12366,439,1210,1897,0,585,0.006,0.3,6,0,0,0.107,1378,11808,624440,118161,320490332
211,1104030209,11040302,110403,1104,11,05EF,BIG GULLY CREEK,NORTH SASKATCHEWAN,,Central Parkland,2,Internal,178,1472,0,1472,953,84,13277,29843,716740,"53,357,882",50,8347,8480,0,708,253,0,1418,0.14,0.7,6,0,0,0.146,599,6123,59835,81383,178187443
212,1104010403,11040104,110401,1104,11,05ED,FROG CREEK,NORTH SASKATCHEWAN,,Dry Mixedwood,2,Internal,302,955,0,955,2347,1912,11044,27036,128138,"9,479,095",8,671,712,166,1115,3131,0,0,0,0.2,3,0,1416,0.132,1772,65835,114453,140496,301840167
213,1102030109,11020301,110203,1102,11,05EA,STURGEON RIVER,NORTH SASKATCHEWAN,,Central Parkland,1,Internal,100,3762,94,3856,2075,103084,132381,299385,246936,"41,597,854",20,2422,11345,10735,0,1864,274,4291,0,0.7,425,0,0,0.165,1976,52633,733536,57528,100216521
214,1102030110,11020301,110203,1102,11,05EA,STURGEON RIVER,NORTH SASKATCHEWAN,,Central Parkland,2,Internal,76,2244,35,2280,1459,18176,72058,124268,730852,"58,369,709",14,2104,5719,113,0,250,0,1179,0,0.6,242,0,0,0.381,647,2933,413543,53970,75615887
215,1102010103,11020101,110201,1102,11,05DE,NORTH SASKATCHEWAN ABOVE WABAMUN,NORTH SASKATCHEWAN,,Central Mixedwood,1,Internal,235,997,0,997,2131,604,8133,22258,447197,"8,724,432",13,12460,7038,9,0,530,959,28,0,0.6,7,1626411,25285,0.26,591,4423,259834,87367,234826894
216,1102010104,11020101,110201,1102,11,05DE,NORTH SASKATCHEWAN ABOVE WABAMUN,NORTH SASKATCHEWAN,,Central Mixedwood,1,Internal,205,1035,0,1036,2860,921,15001,27660,439601,"7,113,917",15,42375,730,29,0,306,347,34,0,0.3,8,2280451,0,0.184,890,8610,329393,90845,205049502
217,1102010105,11020101,110201,1102,11,05DE,NORTH SASKATCHEWAN ABOVE WABAMUN,NORTH SASKATCHEWAN,,Central Mixedwood,1,Internal,218,1229,0,1229,2518,1781,15162,32459,438352,"7,348,352",14,30375,5557,30,0,674,93,0,0,0.5,6,416047,43203,0.14,1179,30328,366787,123650,217932920
218,1102010301,11020103,110201,1102,11,05DE,BUCKLAKE CREEK,NORTH SASKATCHEWAN,,Foothills,2,Internal,265,1318,0,1318,2611,483,25316,46115,360352,"5,961,941",12,1935,8333,85,0,922,0,297,0,0.4,4,455076,312915,0.205,986,7103,394151,87375,265435975
219,1102010302,11020103,110201,1102,11,05DE,BUCKLAKE CREEK,NORTH SASKATCHEWAN,,Central Mixedwood,2,Internal,238,1411,76,1489,2619,582,15275,37666,482337,"13,581,473",16,859,8174,165,0,479,0,53,0,0.5,5,350801,507951,0.164,1134,8703,448997,86515,237584348
220,1102010304,11020103,110201,1102,11,05DE,BUCKLAKE CREEK,NORTH SASKATCHEWAN,,Central Mixedwood,2,Internal,312,1559,0,1559,2898,556,14031,37725,489567,"6,871,963",19,2075,17633,193,0,789,42,0,0,0.8,4,349347,1280071,0.265,1561,5295,423684,107444,312025875
221,1102010305,11020103,110201,1102,11,05DE,BUCKLAKE CREEK,NORTH SASKATCHEWAN,,Central Mixedwood,2,Internal,245,2024,0,2024,4319,797,12014,46087,469607,"5,613,515",20,6230,23090,512,0,2142,444,29,0,0.7,4,316550,1618009,0.305,1761,12183,378166,91442,245484108
222,1102010108,11020101,110201,1102,11,05DE,NORTH SASKATCHEWAN ABOVE WABAMUN,NORTH SASKATCHEWAN,,Central Mixedwood,3,Internal,187,2037,0,2037,4078,451,13698,52817,429387,"4,239,379",11,7004,21790,431,0,3040,0,14,0.005,0.5,4,2993170,408571,0.252,535,0,0,89214,186873706
223,1102010111,11020101,110201,1102,11,05DE,NORTH SASKATCHEWAN ABOVE WABAMUN,NORTH SASKATCHEWAN,,Foothills,2,Internal,89,839,0,839,3960,2095,0,26853,0,"1,280",0,1401,9454,118,0,123,0,0,0,0.1,4,20509942,0,0.242,1127,33267,572114,55085,88501627
224,1102010101,11020101,110201,1102,11,05DE,NORTH SASKATCHEWAN ABOVE WABAMUN,NORTH SASKATCHEWAN,,Central Mixedwood,1,Internal,267,1373,0,1374,1030,512,45056,61381,608363,"18,098,996",15,30330,330,0,0,604,423,78,0,0.5,7,81320,0,0.123,1074,8396,364866,128746,266638590
225,1102010102,11020101,110201,1102,11,05DE,NORTH SASKATCHEWAN ABOVE WABAMUN,NORTH SASKATCHEWAN,,Central Mixedwood,1,Internal,288,1392,10,1402,1915,9459,12340,39339,461343,"15,131,692",15,115457,2433,1730,0,1863,28,27313,0,0.7,7,518613,0,0.147,2134,30818,373873,106423,288413780
226,1102010106,11020101,110201,1102,11,05DE,NORTH SASKATCHEWAN ABOVE WABAMUN,NORTH SASKATCHEWAN,,Central Mixedwood,2,Internal,300,2446,0,2446,3712,9392,45247,89728,477507,"6,055,298",14,11266,17612,1745,0,810,0,108,0,0.9,5,473571,461208,0.152,1961,819,17725,88663,300319367
227,1102010109,11020101,110201,1102,11,05DE,NORTH SASKATCHEWAN ABOVE WABAMUN,NORTH SASKATCHEWAN,,Central Mixedwood,3,Internal,154,1992,0,1992,4349,2382,640,61393,13212,"2,093,561",3,2802,25846,0,0,3196,0,0,0,0.5,3,16925833,2642,0.19,726,0,0,75044,153591499
228,1102010110,11020101,110201,1102,11,05DE,NORTH SASKATCHEWAN ABOVE WABAMUN,NORTH SASKATCHEWAN,,Central Mixedwood,3,Internal,130,1123,0,1123,3843,1086,11,35570,0,"535,772",2,2521,18412,64,0,1205,0,0,0,0.2,3,18704736,45397,0.17,2453,13732,248333,53262,130098375
229,1102010107,11020101,110201,1102,11,05DE,NORTH SASKATCHEWAN ABOVE WABAMUN,NORTH SASKATCHEWAN,,Central Mixedwood,3,Internal,239,2705,1,2705,5508,23641,25896,102484,306027,"5,323,305",11,11630,28733,2352,0,3085,19,277,0,0.9,4,3800420,482241,0.255,1353,10939,427565,74838,238611459
230,1102010303,11020103,110201,1102,11,05DE,BUCKLAKE CREEK,NORTH SASKATCHEWAN,,Central Mixedwood,2,Internal,193,1711,29,1742,2848,1703,17643,44761,481817,"65,162,525",21,1401,13869,789,0,926,0,1732,0.005,0.6,6,886025,352459,0.18,1443,14547,510612,82076,193472233
231,1104010102,11040101,110401,1104,11,05ED,NORTH SASKATCHEWAN AND MANN LAKES,NORTH SASKATCHEWAN,,Central Parkland,2,Internal,103,1879,0,1879,1496,410,15270,36879,591122,"30,891,876",24,4956,81,20,59450,820,0,0,0,0.5,3,0,0,0.092,0,0,0,58578,103221510
